layer_id,polygon_id,offset_index,ring_type,point_id,x,y,z,status
0,0,0,EXTERIOR,0,0.000000,0.000000,1.500000,ARC_START
0,0,0,EXTERIOR,1,0.000000,30.000000,1.500000,IDLE
0,0,0,EXTERIOR,2,50.000000,30.000000,1.500000,IDLE
0,0,0,EXTERIOR,3,50.000000,0.000000,1.500000,IDLE
0,0,0,EXTERIOR,4,0.000000,0.000000,1.500000,ARC_STOP
0,1,1,EXTERIOR,0,2.948000,2.948000,1.500000,ARC_START
0,1,1,EXTERIOR,1,2.948000,27.052000,1.500000,IDLE
0,1,1,EXTERIOR,2,47.052000,27.052000,1.500000,IDLE
0,1,1,EXTERIOR,3,47.052000,2.948000,1.500000,IDLE
0,1,1,EXTERIOR,4,2.948000,2.948000,1.500000,ARC_STOP
0,2,2,EXTERIOR,0,5.896000,5.896000,1.500000,ARC_START
0,2,2,EXTERIOR,1,5.896000,24.104000,1.500000,IDLE
0,2,2,EXTERIOR,2,44.104000,24.104000,1.500000,IDLE
0,2,2,EXTERIOR,3,44.104000,5.896000,1.500000,IDLE
0,2,2,EXTERIOR,4,5.896000,5.896000,1.500000,ARC_STOP
0,3,3,EXTERIOR,0,8.844000,8.844000,1.500000,ARC_START
0,3,3,EXTERIOR,1,8.844000,21.156000,1.500000,IDLE
0,3,3,EXTERIOR,2,41.156000,21.156000,1.500000,IDLE
0,3,3,EXTERIOR,3,41.156000,8.844000,1.500000,IDLE
0,3,3,EXTERIOR,4,8.844000,8.844000,1.500000,ARC_STOP
0,4,4,EXTERIOR,0,11.792000,11.792000,1.500000,ARC_START
0,4,4,EXTERIOR,1,11.792000,18.208000,1.500000,IDLE
0,4,4,EXTERIOR,2,38.208000,18.208000,1.500000,IDLE
0,4,4,EXTERIOR,3,38.208000,11.792000,1.500000,IDLE
0,4,4,EXTERIOR,4,11.792000,11.792000,1.500000,ARC_STOP
0,5,5,EXTERIOR,0,14.740000,14.740000,1.500000,ARC_START
0,5,5,EXTERIOR,1,14.740000,15.260000,1.500000,IDLE
0,5,5,EXTERIOR,2,35.260000,15.260000,1.500000,IDLE
0,5,5,EXTERIOR,3,35.260000,14.740000,1.500000,IDLE
0,5,5,EXTERIOR,4,14.740000,14.740000,1.500000,ARC_STOP
1,6,0,EXTERIOR,0,0.000000,0.000000,3.000000,ARC_START
1,6,0,EXTERIOR,1,0.000000,30.000000,3.000000,IDLE
1,6,0,EXTERIOR,2,50.000000,30.000000,3.000000,IDLE
1,6,0,EXTERIOR,3,50.000000,0.000000,3.000000,IDLE
1,6,0,EXTERIOR,4,0.000000,0.000000,3.000000,ARC_STOP
1,7,1,EXTERIOR,0,2.948000,2.948000,3.000000,ARC_START
1,7,1,EXTERIOR,1,2.948000,27.052000,3.000000,IDLE
1,7,1,EXTERIOR,2,47.052000,27.052000,3.000000,IDLE
1,7,1,EXTERIOR,3,47.052000,2.948000,3.000000,IDLE
1,7,1,EXTERIOR,4,2.948000,2.948000,3.000000,ARC_STOP
1,8,2,EXTERIOR,0,5.896000,5.896000,3.000000,ARC_START
1,8,2,EXTERIOR,1,5.896000,24.104000,3.000000,IDLE
1,8,2,EXTERIOR,2,44.104000,24.104000,3.000000,IDLE
1,8,2,EXTERIOR,3,44.104000,5.896000,3.000000,IDLE
1,8,2,EXTERIOR,4,5.896000,5.896000,3.000000,ARC_STOP
1,9,3,EXTERIOR,0,8.844000,8.844000,3.000000,ARC_START
1,9,3,EXTERIOR,1,8.844000,21.156000,3.000000,IDLE
1,9,3,EXTERIOR,2,41.156000,21.156000,3.000000,IDLE
1,9,3,EXTERIOR,3,41.156000,8.844000,3.000000,IDLE
1,9,3,EXTERIOR,4,8.844000,8.844000,3.000000,ARC_STOP
1,10,4,EXTERIOR,0,11.792000,11.792000,3.000000,ARC_START
1,10,4,EXTERIOR,1,11.792000,18.208000,3.000000,IDLE
1,10,4,EXTERIOR,2,38.208000,18.208000,3.000000,IDLE
1,10,4,EXTERIOR,3,38.208000,11.792000,3.000000,IDLE
1,10,4,EXTERIOR,4,11.792000,11.792000,3.000000,ARC_STOP
1,11,5,EXTERIOR,0,14.740000,14.740000,3.000000,ARC_START
1,11,5,EXTERIOR,1,14.740000,15.260000,3.000000,IDLE
1,11,5,EXTERIOR,2,35.260000,15.260000,3.000000,IDLE
1,11,5,EXTERIOR,3,35.260000,14.740000,3.000000,IDLE
1,11,5,EXTERIOR,4,14.740000,14.740000,3.000000,ARC_STOP
2,12,0,EXTERIOR,0,0.000000,0.000000,4.500000,ARC_START
2,12,0,EXTERIOR,1,0.000000,30.000000,4.500000,IDLE
2,12,0,EXTERIOR,2,50.000000,30.000000,4.500000,IDLE
2,12,0,EXTERIOR,3,50.000000,0.000000,4.500000,IDLE
2,12,0,EXTERIOR,4,0.000000,0.000000,4.500000,ARC_STOP
2,13,1,EXTERIOR,0,2.948000,2.948000,4.500000,ARC_START
2,13,1,EXTERIOR,1,2.948000,27.052000,4.500000,IDLE
2,13,1,EXTERIOR,2,47.052000,27.052000,4.500000,IDLE
2,13,1,EXTERIOR,3,47.052000,2.948000,4.500000,IDLE
2,13,1,EXTERIOR,4,2.948000,2.948000,4.500000,ARC_STOP
2,14,2,EXTERIOR,0,5.896000,5.896000,4.500000,ARC_START
2,14,2,EXTERIOR,1,5.896000,24.104000,4.500000,IDLE
2,14,2,EXTERIOR,2,44.104000,24.104000,4.500000,IDLE
2,14,2,EXTERIOR,3,44.104000,5.896000,4.500000,IDLE
2,14,2,EXTERIOR,4,5.896000,5.896000,4.500000,ARC_STOP
2,15,3,EXTERIOR,0,8.844000,8.844000,4.500000,ARC_START
2,15,3,EXTERIOR,1,8.844000,21.156000,4.500000,IDLE
2,15,3,EXTERIOR,2,41.156000,21.156000,4.500000,IDLE
2,15,3,EXTERIOR,3,41.156000,8.844000,4.500000,IDLE
2,15,3,EXTERIOR,4,8.844000,8.844000,4.500000,ARC_STOP
2,16,4,EXTERIOR,0,11.792000,11.792000,4.500000,ARC_START
2,16,4,EXTERIOR,1,11.792000,18.208000,4.500000,IDLE
2,16,4,EXTERIOR,2,38.208000,18.208000,4.500000,IDLE
2,16,4,EXTERIOR,3,38.208000,11.792000,4.500000,IDLE
2,16,4,EXTERIOR,4,11.792000,11.792000,4.500000,ARC_STOP
2,17,5,EXTERIOR,0,14.740000,14.740000,4.500000,ARC_START
2,17,5,EXTERIOR,1,14.740000,15.260000,4.500000,IDLE
2,17,5,EXTERIOR,2,35.260000,15.260000,4.500000,IDLE
2,17,5,EXTERIOR,3,35.260000,14.740000,4.500000,IDLE
2,17,5,EXTERIOR,4,14.740000,14.740000,4.500000,ARC_STOP
3,18,0,EXTERIOR,0,0.000000,0.000000,6.000000,ARC_START
3,18,0,EXTERIOR,1,0.000000,30.000000,6.000000,IDLE
3,18,0,EXTERIOR,2,50.000000,30.000000,6.000000,IDLE
3,18,0,EXTERIOR,3,50.000000,0.000000,6.000000,IDLE
3,18,0,EXTERIOR,4,0.000000,0.000000,6.000000,ARC_STOP
3,19,1,EXTERIOR,0,2.948000,2.948000,6.000000,ARC_START
3,19,1,EXTERIOR,1,2.948000,27.052000,6.000000,IDLE
3,19,1,EXTERIOR,2,47.052000,27.052000,6.000000,IDLE
3,19,1,EXTERIOR,3,47.052000,2.948000,6.000000,IDLE
3,19,1,EXTERIOR,4,2.948000,2.948000,6.000000,ARC_STOP
3,20,2,EXTERIOR,0,5.896000,5.896000,6.000000,ARC_START
3,20,2,EXTERIOR,1,5.896000,24.104000,6.000000,IDLE
3,20,2,EXTERIOR,2,44.104000,24.104000,6.000000,IDLE
3,20,2,EXTERIOR,3,44.104000,5.896000,6.000000,IDLE
3,20,2,EXTERIOR,4,5.896000,5.896000,6.000000,ARC_STOP
3,21,3,EXTERIOR,0,8.844000,8.844000,6.000000,ARC_START
3,21,3,EXTERIOR,1,8.844000,21.156000,6.000000,IDLE
3,21,3,EXTERIOR,2,41.156000,21.156000,6.000000,IDLE
3,21,3,EXTERIOR,3,41.156000,8.844000,6.000000,IDLE
3,21,3,EXTERIOR,4,8.844000,8.844000,6.000000,ARC_STOP
3,22,4,EXTERIOR,0,11.792000,11.792000,6.000000,ARC_START
3,22,4,EXTERIOR,1,11.792000,18.208000,6.000000,IDLE
3,22,4,EXTERIOR,2,38.208000,18.208000,6.000000,IDLE
3,22,4,EXTERIOR,3,38.208000,11.792000,6.000000,IDLE
3,22,4,EXTERIOR,4,11.792000,11.792000,6.000000,ARC_STOP
3,23,5,EXTERIOR,0,14.740000,14.740000,6.000000,ARC_START
3,23,5,EXTERIOR,1,14.740000,15.260000,6.000000,IDLE
3,23,5,EXTERIOR,2,35.260000,15.260000,6.000000,IDLE
3,23,5,EXTERIOR,3,35.260000,14.740000,6.000000,IDLE
3,23,5,EXTERIOR,4,14.740000,14.740000,6.000000,ARC_STOP
4,24,0,EXTERIOR,0,0.000000,0.000000,7.500000,ARC_START
4,24,0,EXTERIOR,1,0.000000,30.000000,7.500000,IDLE
4,24,0,EXTERIOR,2,50.000000,30.000000,7.500000,IDLE
4,24,0,EXTERIOR,3,50.000000,0.000000,7.500000,IDLE
4,24,0,EXTERIOR,4,0.000000,0.000000,7.500000,ARC_STOP
4,25,1,EXTERIOR,0,2.948000,2.948000,7.500000,ARC_START
4,25,1,EXTERIOR,1,2.948000,27.052000,7.500000,IDLE
4,25,1,EXTERIOR,2,47.052000,27.052000,7.500000,IDLE
4,25,1,EXTERIOR,3,47.052000,2.948000,7.500000,IDLE
4,25,1,EXTERIOR,4,2.948000,2.948000,7.500000,ARC_STOP
4,26,2,EXTERIOR,0,5.896000,5.896000,7.500000,ARC_START
4,26,2,EXTERIOR,1,5.896000,24.104000,7.500000,IDLE
4,26,2,EXTERIOR,2,44.104000,24.104000,7.500000,IDLE
4,26,2,EXTERIOR,3,44.104000,5.896000,7.500000,IDLE
4,26,2,EXTERIOR,4,5.896000,5.896000,7.500000,ARC_STOP
4,27,3,EXTERIOR,0,8.844000,8.844000,7.500000,ARC_START
4,27,3,EXTERIOR,1,8.844000,21.156000,7.500000,IDLE
4,27,3,EXTERIOR,2,41.156000,21.156000,7.500000,IDLE
4,27,3,EXTERIOR,3,41.156000,8.844000,7.500000,IDLE
4,27,3,EXTERIOR,4,8.844000,8.844000,7.500000,ARC_STOP
4,28,4,EXTERIOR,0,11.792000,11.792000,7.500000,ARC_START
4,28,4,EXTERIOR,1,11.792000,18.208000,7.500000,IDLE
4,28,4,EXTERIOR,2,38.208000,18.208000,7.500000,IDLE
4,28,4,EXTERIOR,3,38.208000,11.792000,7.500000,IDLE
4,28,4,EXTERIOR,4,11.792000,11.792000,7.500000,ARC_STOP
4,29,5,EXTERIOR,0,14.740000,14.740000,7.500000,ARC_START
4,29,5,EXTERIOR,1,14.740000,15.260000,7.500000,IDLE
4,29,5,EXTERIOR,2,35.260000,15.260000,7.500000,IDLE
4,29,5,EXTERIOR,3,35.260000,14.740000,7.500000,IDLE
4,29,5,EXTERIOR,4,14.740000,14.740000,7.500000,ARC_STOP
5,30,0,EXTERIOR,0,0.000000,0.000000,9.000000,ARC_START
5,30,0,EXTERIOR,1,0.000000,30.000000,9.000000,IDLE
5,30,0,EXTERIOR,2,50.000000,30.000000,9.000000,IDLE
5,30,0,EXTERIOR,3,50.000000,0.000000,9.000000,IDLE
5,30,0,EXTERIOR,4,0.000000,0.000000,9.000000,ARC_STOP
5,31,1,EXTERIOR,0,2.948000,2.948000,9.000000,ARC_START
5,31,1,EXTERIOR,1,2.948000,27.052000,9.000000,IDLE
5,31,1,EXTERIOR,2,47.052000,27.052000,9.000000,IDLE
5,31,1,EXTERIOR,3,47.052000,2.948000,9.000000,IDLE
5,31,1,EXTERIOR,4,2.948000,2.948000,9.000000,ARC_STOP
5,32,2,EXTERIOR,0,5.896000,5.896000,9.000000,ARC_START
5,32,2,EXTERIOR,1,5.896000,24.104000,9.000000,IDLE
5,32,2,EXTERIOR,2,44.104000,24.104000,9.000000,IDLE
5,32,2,EXTERIOR,3,44.104000,5.896000,9.000000,IDLE
5,32,2,EXTERIOR,4,5.896000,5.896000,9.000000,ARC_STOP
5,33,3,EXTERIOR,0,8.844000,8.844000,9.000000,ARC_START
5,33,3,EXTERIOR,1,8.844000,21.156000,9.000000,IDLE
5,33,3,EXTERIOR,2,41.156000,21.156000,9.000000,IDLE
5,33,3,EXTERIOR,3,41.156000,8.844000,9.000000,IDLE
5,33,3,EXTERIOR,4,8.844000,8.844000,9.000000,ARC_STOP
5,34,4,EXTERIOR,0,11.792000,11.792000,9.000000,ARC_START
5,34,4,EXTERIOR,1,11.792000,18.208000,9.000000,IDLE
5,34,4,EXTERIOR,2,38.208000,18.208000,9.000000,IDLE
5,34,4,EXTERIOR,3,38.208000,11.792000,9.000000,IDLE
5,34,4,EXTERIOR,4,11.792000,11.792000,9.000000,ARC_STOP
5,35,5,EXTERIOR,0,14.740000,14.740000,9.000000,ARC_START
5,35,5,EXTERIOR,1,14.740000,15.260000,9.000000,IDLE
5,35,5,EXTERIOR,2,35.260000,15.260000,9.000000,IDLE
5,35,5,EXTERIOR,3,35.260000,14.740000,9.000000,IDLE
5,35,5,EXTERIOR,4,14.740000,14.740000,9.000000,ARC_STOP
6,36,0,EXTERIOR,0,0.000000,0.000000,10.500000,ARC_START
6,36,0,EXTERIOR,1,0.000000,30.000000,10.500000,IDLE
6,36,0,EXTERIOR,2,50.000000,30.000000,10.500000,IDLE
6,36,0,EXTERIOR,3,50.000000,0.000000,10.500000,IDLE
6,36,0,EXTERIOR,4,0.000000,0.000000,10.500000,ARC_STOP
6,37,1,EXTERIOR,0,2.948000,2.948000,10.500000,ARC_START
6,37,1,EXTERIOR,1,2.948000,27.052000,10.500000,IDLE
6,37,1,EXTERIOR,2,47.052000,27.052000,10.500000,IDLE
6,37,1,EXTERIOR,3,47.052000,2.948000,10.500000,IDLE
6,37,1,EXTERIOR,4,2.948000,2.948000,10.500000,ARC_STOP
6,38,2,EXTERIOR,0,5.896000,5.896000,10.500000,ARC_START
6,38,2,EXTERIOR,1,5.896000,24.104000,10.500000,IDLE
6,38,2,EXTERIOR,2,44.104000,24.104000,10.500000,IDLE
6,38,2,EXTERIOR,3,44.104000,5.896000,10.500000,IDLE
6,38,2,EXTERIOR,4,5.896000,5.896000,10.500000,ARC_STOP
6,39,3,EXTERIOR,0,8.844000,8.844000,10.500000,ARC_START
6,39,3,EXTERIOR,1,8.844000,21.156000,10.500000,IDLE
6,39,3,EXTERIOR,2,41.156000,21.156000,10.500000,IDLE
6,39,3,EXTERIOR,3,41.156000,8.844000,10.500000,IDLE
6,39,3,EXTERIOR,4,8.844000,8.844000,10.500000,ARC_STOP
6,40,4,EXTERIOR,0,11.792000,11.792000,10.500000,ARC_START
6,40,4,EXTERIOR,1,11.792000,18.208000,10.500000,IDLE
6,40,4,EXTERIOR,2,38.208000,18.208000,10.500000,IDLE
6,40,4,EXTERIOR,3,38.208000,11.792000,10.500000,IDLE
6,40,4,EXTERIOR,4,11.792000,11.792000,10.500000,ARC_STOP
6,41,5,EXTERIOR,0,14.740000,14.740000,10.500000,ARC_START
6,41,5,EXTERIOR,1,14.740000,15.260000,10.500000,IDLE
6,41,5,EXTERIOR,2,35.260000,15.260000,10.500000,IDLE
6,41,5,EXTERIOR,3,35.260000,14.740000,10.500000,IDLE
6,41,5,EXTERIOR,4,14.740000,14.740000,10.500000,ARC_STOP
7,42,0,EXTERIOR,0,0.000000,0.000000,12.000000,ARC_START
7,42,0,EXTERIOR,1,0.000000,30.000000,12.000000,IDLE
7,42,0,EXTERIOR,2,50.000000,30.000000,12.000000,IDLE
7,42,0,EXTERIOR,3,50.000000,0.000000,12.000000,IDLE
7,42,0,EXTERIOR,4,0.000000,0.000000,12.000000,ARC_STOP
7,43,1,EXTERIOR,0,2.948000,2.948000,12.000000,ARC_START
7,43,1,EXTERIOR,1,2.948000,27.052000,12.000000,IDLE
7,43,1,EXTERIOR,2,47.052000,27.052000,12.000000,IDLE
7,43,1,EXTERIOR,3,47.052000,2.948000,12.000000,IDLE
7,43,1,EXTERIOR,4,2.948000,2.948000,12.000000,ARC_STOP
7,44,2,EXTERIOR,0,5.896000,5.896000,12.000000,ARC_START
7,44,2,EXTERIOR,1,5.896000,24.104000,12.000000,IDLE
7,44,2,EXTERIOR,2,44.104000,24.104000,12.000000,IDLE
7,44,2,EXTERIOR,3,44.104000,5.896000,12.000000,IDLE
7,44,2,EXTERIOR,4,5.896000,5.896000,12.000000,ARC_STOP
7,45,3,EXTERIOR,0,8.844000,8.844000,12.000000,ARC_START
7,45,3,EXTERIOR,1,8.844000,21.156000,12.000000,IDLE
7,45,3,EXTERIOR,2,41.156000,21.156000,12.000000,IDLE
7,45,3,EXTERIOR,3,41.156000,8.844000,12.000000,IDLE
7,45,3,EXTERIOR,4,8.844000,8.844000,12.000000,ARC_STOP
7,46,4,EXTERIOR,0,11.792000,11.792000,12.000000,ARC_START
7,46,4,EXTERIOR,1,11.792000,18.208000,12.000000,IDLE
7,46,4,EXTERIOR,2,38.208000,18.208000,12.000000,IDLE
7,46,4,EXTERIOR,3,38.208000,11.792000,12.000000,IDLE
7,46,4,EXTERIOR,4,11.792000,11.792000,12.000000,ARC_STOP
7,47,5,EXTERIOR,0,14.740000,14.740000,12.000000,ARC_START
7,47,5,EXTERIOR,1,14.740000,15.260000,12.000000,IDLE
7,47,5,EXTERIOR,2,35.260000,15.260000,12.000000,IDLE
7,47,5,EXTERIOR,3,35.260000,14.740000,12.000000,IDLE
7,47,5,EXTERIOR,4,14.740000,14.740000,12.000000,ARC_STOP
8,48,0,EXTERIOR,0,0.000000,0.000000,13.500000,ARC_START
8,48,0,EXTERIOR,1,0.000000,30.000000,13.500000,IDLE
8,48,0,EXTERIOR,2,50.000000,30.000000,13.500000,IDLE
8,48,0,EXTERIOR,3,50.000000,0.000000,13.500000,IDLE
8,48,0,EXTERIOR,4,0.000000,0.000000,13.500000,ARC_STOP
8,49,1,EXTERIOR,0,2.948000,2.948000,13.500000,ARC_START
8,49,1,EXTERIOR,1,2.948000,27.052000,13.500000,IDLE
8,49,1,EXTERIOR,2,47.052000,27.052000,13.500000,IDLE
8,49,1,EXTERIOR,3,47.052000,2.948000,13.500000,IDLE
8,49,1,EXTERIOR,4,2.948000,2.948000,13.500000,ARC_STOP
8,50,2,EXTERIOR,0,5.896000,5.896000,13.500000,ARC_START
8,50,2,EXTERIOR,1,5.896000,24.104000,13.500000,IDLE
8,50,2,EXTERIOR,2,44.104000,24.104000,13.500000,IDLE
8,50,2,EXTERIOR,3,44.104000,5.896000,13.500000,IDLE
8,50,2,EXTERIOR,4,5.896000,5.896000,13.500000,ARC_STOP
8,51,3,EXTERIOR,0,8.844000,8.844000,13.500000,ARC_START
8,51,3,EXTERIOR,1,8.844000,21.156000,13.500000,IDLE
8,51,3,EXTERIOR,2,41.156000,21.156000,13.500000,IDLE
8,51,3,EXTERIOR,3,41.156000,8.844000,13.500000,IDLE
8,51,3,EXTERIOR,4,8.844000,8.844000,13.500000,ARC_STOP
8,52,4,EXTERIOR,0,11.792000,11.792000,13.500000,ARC_START
8,52,4,EXTERIOR,1,11.792000,18.208000,13.500000,IDLE
8,52,4,EXTERIOR,2,38.208000,18.208000,13.500000,IDLE
8,52,4,EXTERIOR,3,38.208000,11.792000,13.500000,IDLE
8,52,4,EXTERIOR,4,11.792000,11.792000,13.500000,ARC_STOP
8,53,5,EXTERIOR,0,14.740000,14.740000,13.500000,ARC_START
8,53,5,EXTERIOR,1,14.740000,15.260000,13.500000,IDLE
8,53,5,EXTERIOR,2,35.260000,15.260000,13.500000,IDLE
8,53,5,EXTERIOR,3,35.260000,14.740000,13.500000,IDLE
8,53,5,EXTERIOR,4,14.740000,14.740000,13.500000,ARC_STOP
9,54,0,EXTERIOR,0,0.000000,0.000000,15.000000,ARC_START
9,54,0,EXTERIOR,1,0.000000,30.000000,15.000000,IDLE
9,54,0,EXTERIOR,2,50.000000,30.000000,15.000000,IDLE
9,54,0,EXTERIOR,3,50.000000,0.000000,15.000000,IDLE
9,54,0,EXTERIOR,4,0.000000,0.000000,15.000000,ARC_STOP
9,55,1,EXTERIOR,0,2.948000,2.948000,15.000000,ARC_START
9,55,1,EXTERIOR,1,2.948000,27.052000,15.000000,IDLE
9,55,1,EXTERIOR,2,47.052000,27.052000,15.000000,IDLE
9,55,1,EXTERIOR,3,47.052000,2.948000,15.000000,IDLE
9,55,1,EXTERIOR,4,2.948000,2.948000,15.000000,ARC_STOP
9,56,2,EXTERIOR,0,5.896000,5.896000,15.000000,ARC_START
9,56,2,EXTERIOR,1,5.896000,24.104000,15.000000,IDLE
9,56,2,EXTERIOR,2,44.104000,24.104000,15.000000,IDLE
9,56,2,EXTERIOR,3,44.104000,5.896000,15.000000,IDLE
9,56,2,EXTERIOR,4,5.896000,5.896000,15.000000,ARC_STOP
9,57,3,EXTERIOR,0,8.844000,8.844000,15.000000,ARC_START
9,57,3,EXTERIOR,1,8.844000,21.156000,15.000000,IDLE
9,57,3,EXTERIOR,2,41.156000,21.156000,15.000000,IDLE
9,57,3,EXTERIOR,3,41.156000,8.844000,15.000000,IDLE
9,57,3,EXTERIOR,4,8.844000,8.844000,15.000000,ARC_STOP
9,58,4,EXTERIOR,0,11.792000,11.792000,15.000000,ARC_START
9,58,4,EXTERIOR,1,11.792000,18.208000,15.000000,IDLE
9,58,4,EXTERIOR,2,38.208000,18.208000,15.000000,IDLE
9,58,4,EXTERIOR,3,38.208000,11.792000,15.000000,IDLE
9,58,4,EXTERIOR,4,11.792000,11.792000,15.000000,ARC_STOP
9,59,5,EXTERIOR,0,14.740000,14.740000,15.000000,ARC_START
9,59,5,EXTERIOR,1,14.740000,15.260000,15.000000,IDLE
9,59,5,EXTERIOR,2,35.260000,15.260000,15.000000,IDLE
9,59,5,EXTERIOR,3,35.260000,14.740000,15.000000,IDLE
9,59,5,EXTERIOR,4,14.740000,14.740000,15.000000,ARC_STOP
10,60,0,EXTERIOR,0,0.000000,0.000000,16.500000,ARC_START
10,60,0,EXTERIOR,1,0.000000,30.000000,16.500000,IDLE
10,60,0,EXTERIOR,2,50.000000,30.000000,16.500000,IDLE
10,60,0,EXTERIOR,3,50.000000,0.000000,16.500000,IDLE
10,60,0,EXTERIOR,4,0.000000,0.000000,16.500000,ARC_STOP
10,61,1,EXTERIOR,0,2.948000,2.948000,16.500000,ARC_START
10,61,1,EXTERIOR,1,2.948000,27.052000,16.500000,IDLE
10,61,1,EXTERIOR,2,47.052000,27.052000,16.500000,IDLE
10,61,1,EXTERIOR,3,47.052000,2.948000,16.500000,IDLE
10,61,1,EXTERIOR,4,2.948000,2.948000,16.500000,ARC_STOP
10,62,2,EXTERIOR,0,5.896000,5.896000,16.500000,ARC_START
10,62,2,EXTERIOR,1,5.896000,24.104000,16.500000,IDLE
10,62,2,EXTERIOR,2,44.104000,24.104000,16.500000,IDLE
10,62,2,EXTERIOR,3,44.104000,5.896000,16.500000,IDLE
10,62,2,EXTERIOR,4,5.896000,5.896000,16.500000,ARC_STOP
10,63,3,EXTERIOR,0,8.844000,8.844000,16.500000,ARC_START
10,63,3,EXTERIOR,1,8.844000,21.156000,16.500000,IDLE
10,63,3,EXTERIOR,2,41.156000,21.156000,16.500000,IDLE
10,63,3,EXTERIOR,3,41.156000,8.844000,16.500000,IDLE
10,63,3,EXTERIOR,4,8.844000,8.844000,16.500000,ARC_STOP
10,64,4,EXTERIOR,0,11.792000,11.792000,16.500000,ARC_START
10,64,4,EXTERIOR,1,11.792000,18.208000,16.500000,IDLE
10,64,4,EXTERIOR,2,38.208000,18.208000,16.500000,IDLE
10,64,4,EXTERIOR,3,38.208000,11.792000,16.500000,IDLE
10,64,4,EXTERIOR,4,11.792000,11.792000,16.500000,ARC_STOP
10,65,5,EXTERIOR,0,14.740000,14.740000,16.500000,ARC_START
10,65,5,EXTERIOR,1,14.740000,15.260000,16.500000,IDLE
10,65,5,EXTERIOR,2,35.260000,15.260000,16.500000,IDLE
10,65,5,EXTERIOR,3,35.260000,14.740000,16.500000,IDLE
10,65,5,EXTERIOR,4,14.740000,14.740000,16.500000,ARC_STOP
11,66,0,EXTERIOR,0,0.000000,0.000000,18.000000,ARC_START
11,66,0,EXTERIOR,1,0.000000,30.000000,18.000000,IDLE
11,66,0,EXTERIOR,2,50.000000,30.000000,18.000000,IDLE
11,66,0,EXTERIOR,3,50.000000,0.000000,18.000000,IDLE
11,66,0,EXTERIOR,4,0.000000,0.000000,18.000000,ARC_STOP
11,67,1,EXTERIOR,0,2.948000,2.948000,18.000000,ARC_START
11,67,1,EXTERIOR,1,2.948000,27.052000,18.000000,IDLE
11,67,1,EXTERIOR,2,47.052000,27.052000,18.000000,IDLE
11,67,1,EXTERIOR,3,47.052000,2.948000,18.000000,IDLE
11,67,1,EXTERIOR,4,2.948000,2.948000,18.000000,ARC_STOP
11,68,2,EXTERIOR,0,5.896000,5.896000,18.000000,ARC_START
11,68,2,EXTERIOR,1,5.896000,24.104000,18.000000,IDLE
11,68,2,EXTERIOR,2,44.104000,24.104000,18.000000,IDLE
11,68,2,EXTERIOR,3,44.104000,5.896000,18.000000,IDLE
11,68,2,EXTERIOR,4,5.896000,5.896000,18.000000,ARC_STOP
11,69,3,EXTERIOR,0,8.844000,8.844000,18.000000,ARC_START
11,69,3,EXTERIOR,1,8.844000,21.156000,18.000000,IDLE
11,69,3,EXTERIOR,2,41.156000,21.156000,18.000000,IDLE
11,69,3,EXTERIOR,3,41.156000,8.844000,18.000000,IDLE
11,69,3,EXTERIOR,4,8.844000,8.844000,18.000000,ARC_STOP
11,70,4,EXTERIOR,0,11.792000,11.792000,18.000000,ARC_START
11,70,4,EXTERIOR,1,11.792000,18.208000,18.000000,IDLE
11,70,4,EXTERIOR,2,38.208000,18.208000,18.000000,IDLE
11,70,4,EXTERIOR,3,38.208000,11.792000,18.000000,IDLE
11,70,4,EXTERIOR,4,11.792000,11.792000,18.000000,ARC_STOP
11,71,5,EXTERIOR,0,14.740000,14.740000,18.000000,ARC_START
11,71,5,EXTERIOR,1,14.740000,15.260000,18.000000,IDLE
11,71,5,EXTERIOR,2,35.260000,15.260000,18.000000,IDLE
11,71,5,EXTERIOR,3,35.260000,14.740000,18.000000,IDLE
11,71,5,EXTERIOR,4,14.740000,14.740000,18.000000,ARC_STOP
12,72,0,EXTERIOR,0,0.000000,0.000000,19.500000,ARC_START
12,72,0,EXTERIOR,1,0.000000,30.000000,19.500000,IDLE
12,72,0,EXTERIOR,2,50.000000,30.000000,19.500000,IDLE
12,72,0,EXTERIOR,3,50.000000,0.000000,19.500000,IDLE
12,72,0,EXTERIOR,4,0.000000,0.000000,19.500000,ARC_STOP
12,73,1,EXTERIOR,0,2.948000,2.948000,19.500000,ARC_START
12,73,1,EXTERIOR,1,2.948000,27.052000,19.500000,IDLE
12,73,1,EXTERIOR,2,47.052000,27.052000,19.500000,IDLE
12,73,1,EXTERIOR,3,47.052000,2.948000,19.500000,IDLE
12,73,1,EXTERIOR,4,2.948000,2.948000,19.500000,ARC_STOP
12,74,2,EXTERIOR,0,5.896000,5.896000,19.500000,ARC_START
12,74,2,EXTERIOR,1,5.896000,24.104000,19.500000,IDLE
12,74,2,EXTERIOR,2,44.104000,24.104000,19.500000,IDLE
12,74,2,EXTERIOR,3,44.104000,5.896000,19.500000,IDLE
12,74,2,EXTERIOR,4,5.896000,5.896000,19.500000,ARC_STOP
12,75,3,EXTERIOR,0,8.844000,8.844000,19.500000,ARC_START
12,75,3,EXTERIOR,1,8.844000,21.156000,19.500000,IDLE
12,75,3,EXTERIOR,2,41.156000,21.156000,19.500000,IDLE
12,75,3,EXTERIOR,3,41.156000,8.844000,19.500000,IDLE
12,75,3,EXTERIOR,4,8.844000,8.844000,19.500000,ARC_STOP
12,76,4,EXTERIOR,0,11.792000,11.792000,19.500000,ARC_START
12,76,4,EXTERIOR,1,11.792000,18.208000,19.500000,IDLE
12,76,4,EXTERIOR,2,38.208000,18.208000,19.500000,IDLE
12,76,4,EXTERIOR,3,38.208000,11.792000,19.500000,IDLE
12,76,4,EXTERIOR,4,11.792000,11.792000,19.500000,ARC_STOP
12,77,5,EXTERIOR,0,14.740000,14.740000,19.500000,ARC_START
12,77,5,EXTERIOR,1,14.740000,15.260000,19.500000,IDLE
12,77,5,EXTERIOR,2,35.260000,15.260000,19.500000,IDLE
12,77,5,EXTERIOR,3,35.260000,14.740000,19.500000,IDLE
12,77,5,EXTERIOR,4,14.740000,14.740000,19.500000,ARC_STOP
